GENE,tissue_count,plasma_count,gene_in_gtf,gene_in_tcga
DAPK1,17,12,TRUE,FALSE
APC,17,11,TRUE,TRUE
CDH1,17,10,TRUE,FALSE
CDKN2A,10,9,TRUE,FALSE
MGMT,16,8,TRUE,FALSE
RARB,12,8,TRUE,FALSE
GSTP1,14,7,TRUE,FALSE
RUNX3,13,6,TRUE,FALSE
TFPI2,10,6,TRUE,TRUE
CCND2,9,5,TRUE,FALSE
TIMP3,18,4,TRUE,FALSE
SFRP1,17,3,TRUE,FALSE
CDH13,15,3,TRUE,TRUE
ESR1,12,3,TRUE,FALSE
SOCS1,10,3,TRUE,FALSE
PYCARD,9,3,TRUE,FALSE
CALCA,8,3,TRUE,TRUE
HIC1,8,3,TRUE,FALSE
UCHL1,8,3,TRUE,FALSE
PTGS2,7,3,TRUE,FALSE
BRCA1,4,3,TRUE,TRUE
SFRP2,13,2,TRUE,FALSE
FHIT,12,2,TRUE,FALSE
MLH1,12,2,TRUE,FALSE
WIF1,9,2,TRUE,FALSE
SLIT2,7,2,TRUE,FALSE
SOX17,7,2,TRUE,TRUE
TMEFF2,7,2,TRUE,FALSE
RB1,6,2,TRUE,FALSE
VIM,5,2,TRUE,FALSE
DLEC1,3,2,TRUE,FALSE
PGR,3,2,TRUE,FALSE
SFN,3,2,TRUE,TRUE
SHOX2,3,2,TRUE,TRUE
ALX4,2,2,TRUE,FALSE
KIF1A,2,2,TRUE,FALSE
PENK,2,2,TRUE,FALSE
TAC1,2,2,TRUE,FALSE
NEUROG1,1,2,TRUE,FALSE
BMP3,NA,2,TRUE,FALSE
PTEN,13,1,TRUE,FALSE
CHFR,10,1,TRUE,FALSE
VHL,9,1,TRUE,TRUE
CCNA1,7,1,TRUE,TRUE
HOXA9,7,1,TRUE,TRUE
RPRM,7,1,TRUE,FALSE
ATM,6,1,TRUE,FALSE
DCC,6,1,TRUE,TRUE
MYOD1,6,1,TRUE,FALSE
KLK10,4,1,TRUE,FALSE
AIM1,3,1,TRUE,FALSE
CST6,3,1,TRUE,FALSE
HLTF,3,1,TRUE,FALSE
HOXA10,3,1,TRUE,TRUE
NPY,3,1,TRUE,TRUE
OPCML,3,1,TRUE,TRUE
AR,2,1,TRUE,FALSE
BNC1,2,1,TRUE,FALSE
CDH11,2,1,TRUE,FALSE
CDO1,2,1,TRUE,TRUE
CMTM3,2,1,TRUE,FALSE
DOK1,2,1,TRUE,FALSE
FGF5,2,1,TRUE,FALSE
GATA5,2,1,TRUE,FALSE
HOXA7,2,1,TRUE,FALSE
MSH2,2,1,TRUE,FALSE
NPTX2,2,1,TRUE,FALSE
PAX5,2,1,TRUE,FALSE
SOCS2,2,1,TRUE,FALSE
SPG20,2,1,TRUE,FALSE
SST,2,1,TRUE,FALSE
XAF1,2,1,TRUE,FALSE
ADAM23,1,1,TRUE,FALSE
ADAMTS1,1,1,TRUE,FALSE
APBA2,1,1,TRUE,FALSE
AR,1,1,TRUE,FALSE
BCAT1,1,1,TRUE,FALSE
BIN1,1,1,TRUE,FALSE
BRD7,1,1,TRUE,FALSE
CDH4,1,1,TRUE,TRUE
DACH1,1,1,TRUE,FALSE
DCLK1,1,1,TRUE,FALSE
DLX5,1,1,TRUE,FALSE
EFEMP1,1,1,TRUE,FALSE
EMX1,1,1,TRUE,FALSE
FOXF1,1,1,TRUE,FALSE
FOXI2,1,1,TRUE,TRUE
GPC3,1,1,TRUE,FALSE
GRASP,1,1,TRUE,FALSE
IGFBP7,1,1,TRUE,FALSE
IKZF1,1,1,TRUE,FALSE
IRF4,1,1,TRUE,FALSE
MLF1,1,1,TRUE,FALSE
MUC2,1,1,TRUE,FALSE
NDRG4,1,1,TRUE,FALSE
NGFR,1,1,TRUE,FALSE
PLAU,1,1,TRUE,FALSE
PRDM5,1,1,TRUE,FALSE
RASGRF1,1,1,TRUE,FALSE
SDC2,1,1,TRUE,FALSE
THY1,1,1,TRUE,FALSE
VGF,1,1,TRUE,FALSE
BARX1,NA,1,TRUE,FALSE
BMP6,NA,1,TRUE,FALSE
C9orf50,NA,1,TRUE,FALSE
CAHM,NA,1,TRUE,FALSE
COL4A2,NA,1,TRUE,FALSE
CPXM1,NA,1,TRUE,FALSE
DBX2,NA,1,TRUE,FALSE
FBN2,NA,1,TRUE,FALSE
FKBP4,NA,1,TRUE,FALSE
GDNF,NA,1,TRUE,FALSE
HOXD13,NA,1,TRUE,TRUE
LSAMP,NA,1,TRUE,FALSE
NISCH,NA,1,TRUE,FALSE
OGDHL,NA,1,TRUE,FALSE
PCDHGB7,NA,1,TRUE,FALSE
PKM2,NA,1,TRUE,FALSE
PRKCDBP,NA,1,TRUE,FALSE
RORA,NA,1,TRUE,FALSE
SLC19A3,NA,1,TRUE,FALSE
SMAD4,NA,1,TRUE,FALSE
THBD,NA,1,TRUE,FALSE
TIMP1,NA,1,TRUE,FALSE
XPO4,NA,1,TRUE,FALSE
ZFP42,NA,1,TRUE,FALSE
ZNF781,NA,1,TRUE,FALSE
THBS1,12,NA,TRUE,FALSE
SFRP5,11,NA,TRUE,FALSE
CASP8,9,NA,TRUE,FALSE
DKK3,8,NA,TRUE,FALSE
SOCS3,8,NA,TRUE,FALSE
TWIST1,8,NA,TRUE,FALSE
SFRP4,7,NA,TRUE,FALSE
DLC1,6,NA,TRUE,FALSE
HS3ST2,6,NA,TRUE,FALSE
MT1G,6,NA,TRUE,FALSE
PCDH10,6,NA,TRUE,FALSE
SOX1,6,NA,TRUE,TRUE
SPARC,6,NA,TRUE,FALSE
WT1,6,NA,TRUE,TRUE
EDNRB,5,NA,TRUE,TRUE
EPB41L3,5,NA,TRUE,FALSE
IGFBP3,5,NA,TRUE,FALSE
TP73,5,NA,TRUE,FALSE
DKK1,4,NA,TRUE,FALSE
ESR2,4,NA,TRUE,FALSE
GATA4,4,NA,TRUE,FALSE
HOXA11,4,NA,TRUE,TRUE
IRF8,4,NA,TRUE,TRUE
RASSF2,4,NA,TRUE,FALSE
SEMA3B,4,NA,TRUE,FALSE
SYK,4,NA,TRUE,FALSE
TCF21,4,NA,TRUE,FALSE
TERT,4,NA,TRUE,TRUE
TNFRSF10C,4,NA,TRUE,FALSE
APAF1,3,NA,TRUE,FALSE
BCL2,3,NA,TRUE,FALSE
BNIP3,3,NA,TRUE,FALSE
CACNA1G,3,NA,TRUE,FALSE
CADM1,3,NA,TRUE,FALSE
CD44,3,NA,TRUE,FALSE
CRABP1,3,NA,TRUE,FALSE
DAB2IP,3,NA,TRUE,FALSE
EYA4,3,NA,TRUE,FALSE
FANCF,3,NA,TRUE,FALSE
FLNC,3,NA,TRUE,FALSE
GPX3,3,NA,TRUE,FALSE
GSTM2,3,NA,TRUE,FALSE
HOXA5,3,NA,TRUE,TRUE
HOXB13,3,NA,TRUE,TRUE
ID4,3,NA,TRUE,FALSE
ITGA4,3,NA,TRUE,FALSE
LOX,3,NA,TRUE,FALSE
MAL,3,NA,TRUE,FALSE
PAX6,3,NA,TRUE,TRUE
PCDH17,3,NA,TRUE,FALSE
PDLIM4,3,NA,TRUE,FALSE
PEG3,3,NA,TRUE,TRUE
RASSF10,3,NA,TRUE,FALSE
RASSF5,3,NA,TRUE,FALSE
SCGB3A1,3,NA,TRUE,FALSE
SLC5A8,3,NA,TRUE,FALSE
SOX9,3,NA,TRUE,FALSE
SPINT2,3,NA,TRUE,FALSE
UNC5C,3,NA,TRUE,FALSE
ZIC1,3,NA,TRUE,FALSE
ZNF154,3,NA,TRUE,FALSE
ADCYAP1,2,NA,TRUE,TRUE
ASS1,2,NA,TRUE,FALSE
BMP4,2,NA,TRUE,FALSE
BRCA2,2,NA,TRUE,FALSE
BTG3,2,NA,TRUE,FALSE
BTG4,2,NA,TRUE,FALSE
CACNA2D3,2,NA,TRUE,FALSE
CAV1,2,NA,TRUE,FALSE
CFTR,2,NA,TRUE,FALSE
CNRIP1,2,NA,TRUE,FALSE
COL14A1,2,NA,TRUE,FALSE
COL1A2,2,NA,TRUE,FALSE
CYP1B1,2,NA,TRUE,FALSE
DAB2,2,NA,TRUE,FALSE
DUSP6,2,NA,TRUE,FALSE
EPHA5,2,NA,TRUE,FALSE
EPHA7,2,NA,TRUE,FALSE
FBLN2,2,NA,TRUE,FALSE
FBXO32,2,NA,TRUE,FALSE
FLT3,2,NA,TRUE,FALSE
GADD45G,2,NA,TRUE,FALSE
GALR1,2,NA,TRUE,TRUE
GAS7,2,NA,TRUE,FALSE
GDF15,2,NA,TRUE,FALSE
GPX7,2,NA,TRUE,FALSE
GREM1,2,NA,TRUE,FALSE
HOPX,2,NA,TRUE,FALSE
HOTAIR,2,NA,TRUE,TRUE
HOXD11,2,NA,TRUE,FALSE
HOXD9,2,NA,TRUE,FALSE
HSPA2,2,NA,TRUE,FALSE
IGF2,2,NA,TRUE,TRUE
IGFBP1,2,NA,TRUE,FALSE
INA,2,NA,TRUE,FALSE
IRAK3,2,NA,TRUE,FALSE
KISS1,2,NA,TRUE,FALSE
KL,2,NA,TRUE,FALSE
KLF4,2,NA,TRUE,FALSE
LAMA3,2,NA,TRUE,FALSE
LAMC2,2,NA,TRUE,FALSE
LMX1A,2,NA,TRUE,FALSE
MCAM,2,NA,TRUE,FALSE
MTSS1,2,NA,TRUE,FALSE
NDRG2,2,NA,TRUE,FALSE
NEFH,2,NA,TRUE,FALSE
NKD1,2,NA,TRUE,FALSE
NKX6-2,2,NA,TRUE,TRUE
NPR1,2,NA,TRUE,FALSE
NPR2,2,NA,TRUE,FALSE
NSD1,2,NA,TRUE,FALSE
NTRK3,2,NA,TRUE,FALSE
OSR1,2,NA,TRUE,FALSE
PAX1,2,NA,TRUE,FALSE
PCDH8,2,NA,TRUE,FALSE
PCDHGB6,2,NA,TRUE,FALSE
PITX2,2,NA,TRUE,FALSE
POU4F2,2,NA,TRUE,TRUE
PRDM2,2,NA,TRUE,FALSE
RAP1GAP,2,NA,TRUE,FALSE
RARRES1,2,NA,TRUE,FALSE
RBP1,2,NA,TRUE,FALSE
RECK,2,NA,TRUE,FALSE
RELN,2,NA,TRUE,FALSE
ROBO1,2,NA,TRUE,FALSE
RRAD,2,NA,TRUE,FALSE
TES,2,NA,TRUE,FALSE
TFF1,2,NA,TRUE,FALSE
THRA,2,NA,TRUE,FALSE
TLX3,2,NA,TRUE,TRUE
TNFRSF10D,2,NA,TRUE,FALSE
TP53,2,NA,TRUE,FALSE
VAV1,2,NA,TRUE,FALSE
ZMYND10,2,NA,TRUE,FALSE
ZNF331,2,NA,TRUE,FALSE
ZSCAN18,2,NA,TRUE,FALSE
ABCC6,1,NA,TRUE,FALSE
ACADL,1,NA,TRUE,FALSE
ADAMTS12,1,NA,TRUE,FALSE
ADAMTS5,1,NA,TRUE,FALSE
ADAMTS8,1,NA,TRUE,FALSE
ADAMTS9,1,NA,TRUE,FALSE
ADCY1,1,NA,TRUE,FALSE
ADCY4,1,NA,TRUE,FALSE
ADHFE1,1,NA,TRUE,FALSE
AGTR1,1,NA,TRUE,FALSE
AHR,1,NA,TRUE,FALSE
AHRR,1,NA,TRUE,FALSE
AJAP1,1,NA,TRUE,FALSE
AK3,1,NA,TRUE,FALSE
AKAP12,1,NA,TRUE,FALSE
AKR1B1,1,NA,TRUE,FALSE
AKR7L,1,NA,TRUE,TRUE
ALDH1A3,1,NA,TRUE,FALSE
ALDH3A1,1,NA,TRUE,FALSE
ALX1,1,NA,TRUE,FALSE
ALX3,1,NA,TRUE,FALSE
AMT,1,NA,TRUE,TRUE
ANGPTL2,1,NA,TRUE,FALSE
ANXA1,1,NA,TRUE,FALSE
ANXA11,1,NA,TRUE,FALSE
AOX1,1,NA,TRUE,FALSE
AREG,1,NA,TRUE,FALSE
ARID1A,1,NA,TRUE,FALSE
ARL11,1,NA,TRUE,FALSE
AS3MT,1,NA,TRUE,FALSE
ASCL1,1,NA,TRUE,FALSE
ASCL2,1,NA,TRUE,FALSE
ATP10A,1,NA,TRUE,FALSE
AXIN1,1,NA,TRUE,FALSE
B3GALT4,1,NA,TRUE,FALSE
B3GNT5,1,NA,TRUE,FALSE
BASP1,1,NA,TRUE,FALSE
BCL2L11,1,NA,TRUE,FALSE
BCL3,1,NA,TRUE,FALSE
BEND4,1,NA,TRUE,FALSE
BEX1,1,NA,TRUE,FALSE
BEX2,1,NA,TRUE,FALSE
BIK,1,NA,TRUE,FALSE
BIRC5,1,NA,TRUE,FALSE
BLK,1,NA,TRUE,FALSE
BMP7,1,NA,TRUE,TRUE
BOLL,1,NA,TRUE,FALSE
BRAF,1,NA,TRUE,FALSE
BRF1,1,NA,TRUE,FALSE
BRMS1,1,NA,TRUE,FALSE
BST2,1,NA,TRUE,FALSE
BTNL2,1,NA,TRUE,FALSE
C15orf48,1,NA,TRUE,FALSE
C1orf114,1,NA,TRUE,FALSE
C3orf14,1,NA,TRUE,FALSE
C7orf13,1,NA,TRUE,FALSE
CA10,1,NA,TRUE,FALSE
CADM2,1,NA,TRUE,FALSE
CAGE1,1,NA,TRUE,FALSE
CCBE1,1,NA,TRUE,FALSE
CCKBR,1,NA,TRUE,FALSE
CCL21,1,NA,TRUE,FALSE
CCNA2,1,NA,TRUE,FALSE
CD81,1,NA,TRUE,FALSE
CDH15,1,NA,TRUE,FALSE
CDH3,1,NA,TRUE,FALSE
CDH8,1,NA,TRUE,TRUE
CDK10,1,NA,TRUE,FALSE
CDKL2,1,NA,TRUE,FALSE
CDX2,1,NA,TRUE,FALSE
CHD5,1,NA,TRUE,FALSE
CHRNA3,1,NA,TRUE,FALSE
CIDEA,1,NA,TRUE,FALSE
CIDEB,1,NA,TRUE,TRUE
CITED4,1,NA,TRUE,FALSE
CLDN3,1,NA,TRUE,FALSE
CLDN4,1,NA,TRUE,FALSE
CLDN5,1,NA,TRUE,FALSE
CLU,1,NA,TRUE,FALSE
CMTM2,1,NA,TRUE,FALSE
CNTNAP2,1,NA,TRUE,FALSE
COL11A1,1,NA,TRUE,FALSE
COL15A1,1,NA,TRUE,FALSE
COL1A1,1,NA,TRUE,FALSE
COMT,1,NA,TRUE,FALSE
CPS1,1,NA,TRUE,FALSE
CRYAB,1,NA,TRUE,FALSE
CSMD2,1,NA,TRUE,FALSE
CSRP1,1,NA,TRUE,FALSE
CTGF,1,NA,TRUE,FALSE
CTNNB1,1,NA,TRUE,FALSE
CXCL12,1,NA,TRUE,FALSE
CXCL16,1,NA,TRUE,FALSE
CXCR4,1,NA,TRUE,FALSE
CYB5R2,1,NA,TRUE,FALSE
CYGB,1,NA,TRUE,FALSE
CYP24A1,1,NA,TRUE,FALSE
CYP2C19,1,NA,TRUE,FALSE
CYP39A1,1,NA,TRUE,FALSE
CYTIP,1,NA,TRUE,FALSE
DACT1,1,NA,TRUE,FALSE
DACT2,1,NA,TRUE,FALSE
DDIT3,1,NA,TRUE,FALSE
DDIT4L,1,NA,TRUE,FALSE
DEFB118,1,NA,TRUE,FALSE
DENND2D,1,NA,TRUE,FALSE
DIRAS3,1,NA,TRUE,FALSE
DKK2,1,NA,TRUE,FALSE
DLK1,1,NA,TRUE,FALSE
DLL3,1,NA,TRUE,FALSE
DNAJC15,1,NA,TRUE,FALSE
DPYS,1,NA,TRUE,FALSE
DPYSL4,1,NA,TRUE,FALSE
DRD4,1,NA,TRUE,FALSE
DSP,1,NA,TRUE,FALSE
DUSP4,1,NA,TRUE,FALSE
DVL1,1,NA,TRUE,FALSE
E2F1,1,NA,TRUE,FALSE
EBF3,1,NA,TRUE,FALSE
EBP,1,NA,TRUE,FALSE
EDA2R,1,NA,TRUE,FALSE
EDN1,1,NA,TRUE,FALSE
EDN3,1,NA,TRUE,FALSE
EFNB2,1,NA,TRUE,FALSE
EFS,1,NA,TRUE,FALSE
EI24,1,NA,TRUE,FALSE
ELK1,1,NA,TRUE,FALSE
ELMO1,1,NA,TRUE,FALSE
ELOVL4,1,NA,TRUE,FALSE
EMILIN2,1,NA,TRUE,FALSE
EMP3,1,NA,TRUE,FALSE
EN1,1,NA,TRUE,TRUE
ENPEP,1,NA,TRUE,FALSE
EOMES,1,NA,TRUE,FALSE
EPHB6,1,NA,TRUE,FALSE
ERCC1,1,NA,TRUE,FALSE
EVL,1,NA,TRUE,FALSE
EZH2,1,NA,TRUE,FALSE
FAAH,1,NA,TRUE,FALSE
FABP7,1,NA,TRUE,FALSE
FAM196A,1,NA,TRUE,FALSE
FAM19A4,1,NA,TRUE,FALSE
FAM43B,1,NA,TRUE,FALSE
FANCC,1,NA,TRUE,FALSE
FANCD2,1,NA,TRUE,FALSE
FBLN1,1,NA,TRUE,FALSE
FBN1,1,NA,TRUE,FALSE
FBP1,1,NA,TRUE,FALSE
FBXW10,1,NA,TRUE,FALSE
FBXW7,1,NA,TRUE,FALSE
FES,1,NA,TRUE,FALSE
FEZF2,1,NA,TRUE,FALSE
FGF12,1,NA,TRUE,TRUE
FGF2,1,NA,TRUE,FALSE
FGF4,1,NA,TRUE,FALSE
FGFR3,1,NA,TRUE,FALSE
FKBP6,1,NA,TRUE,FALSE
FLI1,1,NA,TRUE,FALSE
FLOT1,1,NA,TRUE,TRUE
FLT4,1,NA,TRUE,FALSE
FOXC1,1,NA,TRUE,FALSE
FOXD4L4,1,NA,TRUE,FALSE
FOXE1,1,NA,TRUE,FALSE
FOXE3,1,NA,TRUE,FALSE
FOXH1,1,NA,TRUE,FALSE
FOXL2,1,NA,TRUE,FALSE
FRZB,1,NA,TRUE,FALSE
FYN,1,NA,TRUE,FALSE
FZD4,1,NA,TRUE,FALSE
FZD7,1,NA,TRUE,FALSE
GAL,1,NA,TRUE,FALSE
GALR2,1,NA,TRUE,FALSE
GATA3,1,NA,TRUE,FALSE
GATA6,1,NA,TRUE,FALSE
GDF10,1,NA,TRUE,FALSE
GFRA1,1,NA,TRUE,FALSE
GHSR,1,NA,TRUE,FALSE
GJB1,1,NA,TRUE,FALSE
GJC1,1,NA,TRUE,FALSE
GLIPR1,1,NA,TRUE,FALSE
GLP1R,1,NA,TRUE,FALSE
GNA11,1,NA,TRUE,FALSE
GNG7,1,NA,TRUE,FALSE
GNL1,1,NA,TRUE,FALSE
GNMT,1,NA,TRUE,FALSE
GPR150,1,NA,TRUE,FALSE
GRB10,1,NA,TRUE,FALSE
GRIK2,1,NA,TRUE,FALSE
GRIN2B,1,NA,TRUE,FALSE
GSTM1,1,NA,TRUE,FALSE
GSTM3,1,NA,TRUE,FALSE
GSTM5,1,NA,TRUE,FALSE
GTF2A1,1,NA,TRUE,FALSE
HAAO,1,NA,TRUE,FALSE
HACE1,1,NA,TRUE,FALSE
HAND2,1,NA,TRUE,FALSE
HCK,1,NA,TRUE,FALSE
HHIP,1,NA,TRUE,FALSE
HINT1,1,NA,TRUE,FALSE
HIPK2,1,NA,TRUE,FALSE
HIST1H3J,1,NA,TRUE,FALSE
HLA-DOA,1,NA,TRUE,FALSE
HNF1B,1,NA,TRUE,TRUE
HOMER2,1,NA,TRUE,FALSE
HOXA1,1,NA,TRUE,FALSE
HOXB4,1,NA,TRUE,FALSE
HOXB5,1,NA,TRUE,TRUE
HOXD3,1,NA,TRUE,FALSE
HOXD8,1,NA,TRUE,FALSE
HPSE2,1,NA,TRUE,FALSE
HRASLS,1,NA,TRUE,FALSE
HRK,1,NA,TRUE,FALSE
HSD17B4,1,NA,TRUE,FALSE
HSPB6,1,NA,TRUE,FALSE
HTATIP2,1,NA,TRUE,FALSE
HTR1B,1,NA,TRUE,FALSE
ICAM1,1,NA,TRUE,FALSE
IER3,1,NA,TRUE,TRUE
IFI30,1,NA,TRUE,FALSE
IGFBP4,1,NA,TRUE,FALSE
IGFBP5,1,NA,TRUE,FALSE
IL18,1,NA,TRUE,FALSE
IL34,1,NA,TRUE,FALSE
ING1,1,NA,TRUE,FALSE
INHBB,1,NA,TRUE,FALSE
INS,1,NA,TRUE,TRUE
IQCG,1,NA,TRUE,FALSE
IRF5,1,NA,TRUE,FALSE
IRF7,1,NA,TRUE,FALSE
ISG15,1,NA,TRUE,FALSE
ITGA8,1,NA,TRUE,FALSE
ITGA9,1,NA,TRUE,FALSE
ITGB4,1,NA,TRUE,FALSE
ITIH5,1,NA,TRUE,FALSE
JAM3,1,NA,TRUE,FALSE
JPH3,1,NA,TRUE,TRUE
JUP,1,NA,TRUE,FALSE
KCNK4,1,NA,TRUE,FALSE
KCNK6,1,NA,TRUE,FALSE
KCNMA1,1,NA,TRUE,FALSE
KCNV1,1,NA,TRUE,FALSE
KDR,1,NA,TRUE,FALSE
KISS1R,1,NA,TRUE,FALSE
KIT,1,NA,TRUE,FALSE
KLF10,1,NA,TRUE,FALSE
KLHDC7B,1,NA,TRUE,FALSE
KRT19,1,NA,TRUE,FALSE
KRT7,1,NA,TRUE,FALSE
LAMA1,1,NA,TRUE,FALSE
LAMB3,1,NA,TRUE,FALSE
LARS2,1,NA,TRUE,FALSE
LATS2,1,NA,TRUE,FALSE
LDB3,1,NA,TRUE,FALSE
LGALS2,1,NA,TRUE,FALSE
LHFPL4,1,NA,TRUE,FALSE
LHX1,1,NA,TRUE,FALSE
LHX5,1,NA,TRUE,FALSE
LIFR,1,NA,TRUE,FALSE
LMLN,1,NA,TRUE,FALSE
LONRF2,1,NA,TRUE,FALSE
LOXL1,1,NA,TRUE,FALSE
LPL,1,NA,TRUE,FALSE
LRIG1,1,NA,TRUE,FALSE
LRP1B,1,NA,TRUE,FALSE
LRP5,1,NA,TRUE,TRUE
LRPPRC,1,NA,TRUE,FALSE
LRRC1,1,NA,TRUE,FALSE
LRRC2,1,NA,TRUE,FALSE
LRRC3B,1,NA,TRUE,FALSE
LTBP2,1,NA,TRUE,FALSE
LTF,1,NA,TRUE,TRUE
LXN,1,NA,TRUE,TRUE
LY6G5C,1,NA,TRUE,FALSE
LYNX1,1,NA,TRUE,FALSE
MAT1A,1,NA,TRUE,FALSE
MBP,1,NA,TRUE,FALSE
MDFI,1,NA,TRUE,FALSE
ME1,1,NA,TRUE,FALSE
MEIS1,1,NA,TRUE,TRUE
MFAP2,1,NA,TRUE,FALSE
MIB2,1,NA,TRUE,FALSE
MIPOL1,1,NA,TRUE,FALSE
MMP19,1,NA,TRUE,FALSE
MOS,1,NA,TRUE,FALSE
MSH6,1,NA,TRUE,FALSE
MST1,1,NA,TRUE,FALSE
MT1A,1,NA,TRUE,FALSE
MTAP,1,NA,TRUE,FALSE
MTM1,1,NA,TRUE,FALSE
MTSS1L,1,NA,TRUE,FALSE
MYC,1,NA,TRUE,FALSE
MYO18B,1,NA,TRUE,TRUE
MYOCD,1,NA,TRUE,FALSE
NAP1L5,1,NA,TRUE,TRUE
NAT2,1,NA,TRUE,FALSE
NELF,1,NA,TRUE,FALSE
NELL1,1,NA,TRUE,TRUE
NEO1,1,NA,TRUE,TRUE
NFATC1,1,NA,TRUE,FALSE
NFATC3,1,NA,TRUE,FALSE
NID2,1,NA,TRUE,FALSE
NKAPL,1,NA,TRUE,FALSE
NKD2,1,NA,TRUE,FALSE
NKX2-5,1,NA,TRUE,FALSE
NKX6-1,1,NA,TRUE,FALSE
NMUR1,1,NA,TRUE,FALSE
NOL4,1,NA,TRUE,FALSE
NOTCH3,1,NA,TRUE,FALSE
NPDC1,1,NA,TRUE,FALSE
NPM2,1,NA,TRUE,FALSE
NPTX1,1,NA,TRUE,FALSE
NQO1,1,NA,TRUE,FALSE
NR2E1,1,NA,TRUE,FALSE
NR2F2,1,NA,TRUE,FALSE
NR3C1,1,NA,TRUE,FALSE
OAS1,1,NA,TRUE,FALSE
OLIG2,1,NA,TRUE,FALSE
ONECUT1,1,NA,TRUE,FALSE
ONECUT2,1,NA,TRUE,FALSE
OSMR,1,NA,TRUE,FALSE
OTX1,1,NA,TRUE,TRUE
OXGR1,1,NA,TRUE,FALSE
PACS2,1,NA,TRUE,FALSE
PALB2,1,NA,TRUE,FALSE
PAR4,1,NA,TRUE,FALSE
PARP15,1,NA,TRUE,FALSE
PCDH1,1,NA,TRUE,FALSE
PCDH20,1,NA,TRUE,FALSE
PCDHGA11,1,NA,TRUE,FALSE
PCDHGA9,1,NA,TRUE,FALSE
PCDHGC4,1,NA,TRUE,FALSE
PDE9A,1,NA,TRUE,FALSE
PDGFRA,1,NA,TRUE,FALSE
PEBP1,1,NA,TRUE,FALSE
PER3,1,NA,TRUE,FALSE
PHACTR3,1,NA,TRUE,FALSE
PHKG2,1,NA,TRUE,FALSE
PKD2,1,NA,TRUE,FALSE
PLCD1,1,NA,TRUE,FALSE
PLK2,1,NA,TRUE,FALSE
PLXDC2,1,NA,TRUE,FALSE
PMF1,1,NA,TRUE,FALSE
PNMT,1,NA,TRUE,FALSE
POMC,1,NA,TRUE,FALSE
POU2F3,1,NA,TRUE,FALSE
PPP1R13B,1,NA,TRUE,FALSE
PPP1R18,1,NA,TRUE,FALSE
PPP1R3C,1,NA,TRUE,FALSE
PPP2R2B,1,NA,TRUE,FALSE
PRDX2,1,NA,TRUE,FALSE
PROX1,1,NA,TRUE,FALSE
PRTFDC1,1,NA,TRUE,FALSE
PTCH1,1,NA,TRUE,FALSE
PTCHD2,1,NA,TRUE,FALSE
PTPRD,1,NA,TRUE,FALSE
PTPRG,1,NA,TRUE,FALSE
PTPRN2,1,NA,TRUE,TRUE
PTPRO,1,NA,TRUE,FALSE
PTPRR,1,NA,TRUE,FALSE
PXT1,1,NA,TRUE,FALSE
QKI,1,NA,TRUE,FALSE
QPCT,1,NA,TRUE,FALSE
RAB25,1,NA,TRUE,FALSE
RAB31,1,NA,TRUE,FALSE
RAB33A,1,NA,TRUE,FALSE
RAB6C,1,NA,TRUE,FALSE
RAC1,1,NA,TRUE,FALSE
RASAL1,1,NA,TRUE,FALSE
RASGRF2,1,NA,TRUE,FALSE
RASIP1,1,NA,TRUE,FALSE
RASSF4,1,NA,TRUE,FALSE
RBP7,1,NA,TRUE,FALSE
REC8,1,NA,TRUE,TRUE
RGS10,1,NA,TRUE,FALSE
RIN3,1,NA,TRUE,FALSE
ROBO3,1,NA,TRUE,FALSE
ROCK1,1,NA,TRUE,FALSE
RSPH9,1,NA,TRUE,FALSE
RTEL1,1,NA,TRUE,FALSE
RUNX2,1,NA,TRUE,FALSE
SALL1,1,NA,TRUE,TRUE
SALL3,1,NA,TRUE,FALSE
SCARA5,1,NA,TRUE,FALSE
SCN4B,1,NA,TRUE,FALSE
SCTR,1,NA,TRUE,FALSE
SERPINF1,1,NA,TRUE,FALSE
SEZ6L,1,NA,TRUE,FALSE
SFT2D3,1,NA,TRUE,FALSE
SGCE,1,NA,TRUE,TRUE
SHH,1,NA,TRUE,FALSE
SIM1,1,NA,TRUE,TRUE
SLC13A5,1,NA,TRUE,FALSE
SLC15A3,1,NA,TRUE,FALSE
SLC16A3,1,NA,TRUE,FALSE
SLC16A5,1,NA,TRUE,TRUE
SLC18A2,1,NA,TRUE,FALSE
SLC22A18,1,NA,TRUE,FALSE
SLC26A4,1,NA,TRUE,FALSE
SLC26A4,1,NA,TRUE,FALSE
SLC30A2,1,NA,TRUE,FALSE
SLC32A1,1,NA,TRUE,TRUE
SLC6A15,1,NA,TRUE,FALSE
SLC6A20,1,NA,TRUE,FALSE
SLC6A3,1,NA,TRUE,FALSE
SLC6A5,1,NA,TRUE,FALSE
SLIT1,1,NA,TRUE,FALSE
SLIT3,1,NA,TRUE,FALSE
SLITRK1,1,NA,TRUE,TRUE
SMPD3,1,NA,TRUE,FALSE
SNCA,1,NA,TRUE,FALSE
SND1,1,NA,TRUE,FALSE
SNRPN,1,NA,TRUE,FALSE
SNTB1,1,NA,TRUE,FALSE
SOCS4,1,NA,TRUE,FALSE
SOX11,1,NA,TRUE,TRUE
SOX14,1,NA,TRUE,FALSE
SOX15,1,NA,TRUE,FALSE
SOX2,1,NA,TRUE,TRUE
SOX21,1,NA,TRUE,FALSE
SOX7,1,NA,TRUE,FALSE
SPARCL1,1,NA,TRUE,FALSE
SPRY1,1,NA,TRUE,FALSE
SPRY2,1,NA,TRUE,FALSE
SRD5A2,1,NA,TRUE,FALSE
SSBP2,1,NA,TRUE,FALSE
ST14,1,NA,TRUE,FALSE
ST8SIA1,1,NA,TRUE,FALSE
ST8SIA6,1,NA,TRUE,FALSE
STAG3,1,NA,TRUE,FALSE
STAT1,1,NA,TRUE,FALSE
SULT1C2,1,NA,TRUE,FALSE
SYNM,1,NA,TRUE,FALSE
SYNPO2,1,NA,TRUE,FALSE
TACSTD2,1,NA,TRUE,FALSE
TAL1,1,NA,TRUE,FALSE
TAP1,1,NA,TRUE,FALSE
TAT,1,NA,TRUE,FALSE
TBX15,1,NA,TRUE,FALSE
TBX20,1,NA,TRUE,FALSE
TBX5,1,NA,TRUE,TRUE
TCEAL7,1,NA,TRUE,FALSE
TCF4,1,NA,TRUE,FALSE
TDGF1,1,NA,TRUE,FALSE
TERC,1,NA,TRUE,FALSE
TGFB2,1,NA,TRUE,FALSE
TGM2,1,NA,TRUE,FALSE
THBS2,1,NA,TRUE,FALSE
THBS4,1,NA,TRUE,FALSE
THRB,1,NA,TRUE,FALSE
THSD1,1,NA,TRUE,FALSE
TIMP2,1,NA,TRUE,FALSE
TIMP4,1,NA,TRUE,FALSE
TJP2,1,NA,TRUE,FALSE
TLX2,1,NA,TRUE,TRUE
TM6SF1,1,NA,TRUE,FALSE
TMC6,1,NA,TRUE,FALSE
TMC8,1,NA,TRUE,FALSE
TNFAIP3,1,NA,TRUE,FALSE
TNFRSF11A,1,NA,TRUE,FALSE
TNFRSF25,1,NA,TRUE,FALSE
TNK1,1,NA,TRUE,FALSE
TNXB,1,NA,TRUE,FALSE
TPM1,1,NA,TRUE,FALSE
TRIM31,1,NA,TRUE,FALSE
TRIP6,1,NA,TRUE,TRUE
TSHR,1,NA,TRUE,FALSE
TSPYL5,1,NA,TRUE,FALSE
TTC40,1,NA,TRUE,FALSE
TUBB3,1,NA,TRUE,FALSE
TUBGCP2,1,NA,TRUE,FALSE
TUSC1,1,NA,TRUE,FALSE
UAP1L1,1,NA,TRUE,FALSE
UGT3A1,1,NA,TRUE,FALSE
UNC5A,1,NA,TRUE,TRUE
VPS18,1,NA,TRUE,FALSE
VSX2,1,NA,TRUE,FALSE
WFDC1,1,NA,TRUE,FALSE
WNK2,1,NA,TRUE,FALSE
WNT2,1,NA,TRUE,FALSE
WNT5A,1,NA,TRUE,FALSE
WNT7A,1,NA,TRUE,FALSE
WWOX,1,NA,TRUE,FALSE
YWHAE,1,NA,TRUE,FALSE
ZBTB47,1,NA,TRUE,FALSE
ZDHHC21,1,NA,TRUE,FALSE
ZEB2,1,NA,TRUE,FALSE
ZFP41,1,NA,TRUE,FALSE
ZFP64,1,NA,TRUE,FALSE
ZFYVE28,1,NA,TRUE,FALSE
ZHX2,1,NA,TRUE,FALSE
ZNF132,1,NA,TRUE,FALSE
ZNF146,1,NA,TRUE,FALSE
ZNF177,1,NA,TRUE,FALSE
ZNF415,1,NA,TRUE,FALSE
ZNF471,1,NA,TRUE,FALSE
ZNF516,1,NA,TRUE,FALSE
ZNF582,1,NA,TRUE,FALSE
ZNF583,1,NA,TRUE,FALSE
ZNF671,1,NA,TRUE,FALSE
RASSF1A,19,12,FALSE,FALSE
CDKN2A(p16INK4a),NA,11,FALSE,FALSE
CDKN2A(p14ARF),15,5,FALSE,FALSE
RARB2,11,4,FALSE,FALSE
SEPTIN9,5,4,FALSE,FALSE
CDKN2B(P15INK4b),NA,4,FALSE,FALSE
hMLH1,NA,3,FALSE,FALSE
SRBC,2,2,FALSE,FALSE
TIG1,2,2,FALSE,FALSE
THBS,NA,2,FALSE,FALSE
MINT31,8,1,FALSE,FALSE
14-3-3-σ,5,1,FALSE,FALSE
MDR1,4,1,FALSE,FALSE
CDKN1C(P57),3,1,FALSE,FALSE
ECAD,3,1,FALSE,FALSE
HIN1,3,1,FALSE,FALSE
MINT25,2,1,FALSE,FALSE
ppENK,1,1,FALSE,FALSE
PR,1,1,FALSE,FALSE
RASSF2A,1,1,FALSE,FALSE
AML,NA,1,FALSE,FALSE
CDKN,NA,1,FALSE,FALSE
CDKN1A(p21),NA,1,FALSE,FALSE
CYCD2,NA,1,FALSE,FALSE
DKK,NA,1,FALSE,FALSE
DLC-1,NA,1,FALSE,FALSE
ESR2(ER-B),NA,1,FALSE,FALSE
FRP2,NA,1,FALSE,FALSE
HCAD,NA,1,FALSE,FALSE
HIN,NA,1,FALSE,FALSE
HSD17β4,NA,1,FALSE,FALSE
HSHLTF1,NA,1,FALSE,FALSE
HUM,NA,1,FALSE,FALSE
Maspin,NA,1,FALSE,FALSE
MDG1,NA,1,FALSE,FALSE
MYF3,NA,1,FALSE,FALSE
NORE1A,NA,1,FALSE,FALSE
PAX5α,NA,1,FALSE,FALSE
PAX5β,NA,1,FALSE,FALSE
SARP2,NA,1,FALSE,FALSE
SMAD8,NA,1,FALSE,FALSE
SRFP5,NA,1,FALSE,FALSE
CDKN2A/P16,17,NA,FALSE,FALSE
HMLH1,14,NA,FALSE,FALSE
CDKN2B/P15,12,NA,FALSE,FALSE
COX2,10,NA,FALSE,FALSE
p73,10,NA,FALSE,FALSE
MINT1,7,NA,FALSE,FALSE
TSLC1,6,NA,FALSE,FALSE
BLU,5,NA,FALSE,FALSE
ECRG4,5,NA,FALSE,FALSE
RIZ1,5,NA,FALSE,FALSE
p53,4,NA,FALSE,FALSE
SHP1,4,NA,FALSE,FALSE
BRINP1,3,NA,FALSE,FALSE
CCAR2,3,NA,FALSE,FALSE
CDKN1B(p27),3,NA,FALSE,FALSE
CSKN2A,3,NA,FALSE,FALSE
DCR1,3,NA,FALSE,FALSE
DCR2,3,NA,FALSE,FALSE
ER,3,NA,FALSE,FALSE
Erα,3,NA,FALSE,FALSE
H-CAD,3,NA,FALSE,FALSE
HPP1,3,NA,FALSE,FALSE
MINT2,3,NA,FALSE,FALSE
RB,3,NA,FALSE,FALSE
REPRIMO,3,NA,FALSE,FALSE
14-3-3,2,NA,FALSE,FALSE
APC1A,2,NA,FALSE,FALSE
CDKN1A(P21),2,NA,FALSE,FALSE
CHK2,2,NA,FALSE,FALSE
DR4,2,NA,FALSE,FALSE
EPB41LE,2,NA,FALSE,FALSE
GADD45a,2,NA,FALSE,FALSE
HMSH2,2,NA,FALSE,FALSE
HTERT,2,NA,FALSE,FALSE
IGSF4,2,NA,FALSE,FALSE
LKB1,2,NA,FALSE,FALSE
MASPIN,2,NA,FALSE,FALSE
MINT17,2,NA,FALSE,FALSE
miR-129-2,2,NA,FALSE,FALSE
miR-148a,2,NA,FALSE,FALSE
miR-34a,2,NA,FALSE,FALSE
miR-34b,2,NA,FALSE,FALSE
miR-34c,2,NA,FALSE,FALSE
OPLAN,2,NA,FALSE,FALSE
P57,2,NA,FALSE,FALSE
SFPR1,2,NA,FALSE,FALSE
SFRP,2,NA,FALSE,FALSE
TGFβRII,2,NA,FALSE,FALSE
TPEF,2,NA,FALSE,FALSE
TSP1,2,NA,FALSE,FALSE
18S,1,NA,FALSE,FALSE
28S rDNAs,1,NA,FALSE,FALSE
ABF471,1,NA,FALSE,FALSE
ABHD9,1,NA,FALSE,FALSE
ACTBP2,1,NA,FALSE,FALSE
AK055957,1,NA,FALSE,FALSE
ANAXA2,1,NA,FALSE,FALSE
ANKRD15,1,NA,FALSE,FALSE
AOP3,1,NA,FALSE,FALSE
ARF,1,NA,FALSE,FALSE
ARH1,1,NA,FALSE,FALSE
ARHI,1,NA,FALSE,FALSE
ARLTS1,1,NA,FALSE,FALSE
B4GALT,1,NA,FALSE,FALSE
BCSG1,1,NA,FALSE,FALSE
C/EBPα,1,NA,FALSE,FALSE
C11ORF2,1,NA,FALSE,FALSE
C11ORF39,1,NA,FALSE,FALSE
C13ORF18,1,NA,FALSE,FALSE
C19orf19,1,NA,FALSE,FALSE
C1orf70,1,NA,FALSE,FALSE
C20ORF55,1,NA,FALSE,FALSE
CD10(MME),1,NA,FALSE,FALSE
CD133,1,NA,FALSE,FALSE
cFLIP,1,NA,FALSE,FALSE
Chr3-EST,1,NA,FALSE,FALSE
CIITA-PIV,1,NA,FALSE,FALSE
CLDH11,1,NA,FALSE,FALSE
COL1A,1,NA,FALSE,FALSE
COL4A,1,NA,FALSE,FALSE
CRAB1,1,NA,FALSE,FALSE
CSCL16,1,NA,FALSE,FALSE
CSKN1C,1,NA,FALSE,FALSE
CSO1,1,NA,FALSE,FALSE
CSPG2,1,NA,FALSE,FALSE
CTMP,1,NA,FALSE,FALSE
CXX1,1,NA,FALSE,FALSE
D9S162,1,NA,FALSE,FALSE
DLCK1,1,NA,FALSE,FALSE
DPPIV,1,NA,FALSE,FALSE
DRM/Gremlin,1,NA,FALSE,FALSE
DUTT1,1,NA,FALSE,FALSE
ELLS1,1,NA,FALSE,FALSE
FAM107A/TU3A,1,NA,FALSE,FALSE
FLJ25161,1,NA,FALSE,FALSE
FLJ36268,1,NA,FALSE,FALSE
FLJ44674,1,NA,FALSE,FALSE
FOXA1/2,1,NA,FALSE,FALSE
FOXO32,1,NA,FALSE,FALSE
FRLN1,1,NA,FALSE,FALSE
GADD45b,1,NA,FALSE,FALSE
GADD45d,1,NA,FALSE,FALSE
GASSD45a,1,NA,FALSE,FALSE
GEF15,1,NA,FALSE,FALSE
GGTLA4,1,NA,FALSE,FALSE
GPR54,1,NA,FALSE,FALSE
GPR7,1,NA,FALSE,FALSE
GTP1,1,NA,FALSE,FALSE
GUP1,1,NA,FALSE,FALSE
Hdab2ip,1,NA,FALSE,FALSE
HDPR1,1,NA,FALSE,FALSE
HIC,1,NA,FALSE,FALSE
HIXA10,1,NA,FALSE,FALSE
hMLH2,1,NA,FALSE,FALSE
hMLH3,1,NA,FALSE,FALSE
HMW-MAA,1,NA,FALSE,FALSE
HOX49,1,NA,FALSE,FALSE
HOXB,1,NA,FALSE,FALSE
HoxD10,1,NA,FALSE,FALSE
HOXV2,1,NA,FALSE,FALSE
HPV16L1,1,NA,FALSE,FALSE
hsa-miR-9-1,1,NA,FALSE,FALSE
HSP11,1,NA,FALSE,FALSE
HSULF-1,1,NA,FALSE,FALSE
HTLF,1,NA,FALSE,FALSE
HTR(TERC),1,NA,FALSE,FALSE
IFNA,1,NA,FALSE,FALSE
IL-12R β-2,1,NA,FALSE,FALSE
INK4A,1,NA,FALSE,FALSE
integrin α4,1,NA,FALSE,FALSE
ITMP3,1,NA,FALSE,FALSE
ITR,1,NA,FALSE,FALSE
KILLIN,1,NA,FALSE,FALSE
KR18,1,NA,FALSE,FALSE
KRATAP11-1,1,NA,FALSE,FALSE
KTN19,1,NA,FALSE,FALSE
KV1.3,1,NA,FALSE,FALSE
LAM,1,NA,FALSE,FALSE
LOT1,1,NA,FALSE,FALSE
LSD1,1,NA,FALSE,FALSE
MAD2,1,NA,FALSE,FALSE
MAGE-A1,1,NA,FALSE,FALSE
MAGE-A3,1,NA,FALSE,FALSE
MAPL13,1,NA,FALSE,FALSE
MAX.12.526,1,NA,FALSE,FALSE
MCJ,1,NA,FALSE,FALSE
MCT1,1,NA,FALSE,FALSE
MEGALIN,1,NA,FALSE,FALSE
MGC9712,1,NA,FALSE,FALSE
MINT12,1,NA,FALSE,FALSE
MINT32,1,NA,FALSE,FALSE
MIR124,1,NA,FALSE,FALSE
MIR-124A,1,NA,FALSE,FALSE
miR-128a,1,NA,FALSE,FALSE
miR-132,1,NA,FALSE,FALSE
miR-45b,1,NA,FALSE,FALSE
MiR-9-1,1,NA,FALSE,FALSE
miR-9-3,1,NA,FALSE,FALSE
MKP-2,1,NA,FALSE,FALSE
MLH2,1,NA,FALSE,FALSE
MMP-2,1,NA,FALSE,FALSE
MSI,1,NA,FALSE,FALSE
MY03A,1,NA,FALSE,FALSE
MYO,1,NA,FALSE,FALSE
N33,1,NA,FALSE,FALSE
NAG-1,1,NA,FALSE,FALSE
NELL,1,NA,FALSE,FALSE
NES1,1,NA,FALSE,FALSE
NIS,1,NA,FALSE,FALSE
Nm23-H1,1,NA,FALSE,FALSE
NMDAR2B,1,NA,FALSE,FALSE
NOEY2,1,NA,FALSE,FALSE
NOR1,1,NA,FALSE,FALSE
NORE1B,1,NA,FALSE,FALSE
NRSA2,1,NA,FALSE,FALSE
NTPX2,1,NA,FALSE,FALSE
NXPN1,1,NA,FALSE,FALSE
OCT6,1,NA,FALSE,FALSE
P101(PIK3R5),1,NA,FALSE,FALSE
P13K,1,NA,FALSE,FALSE
p300,1,NA,FALSE,FALSE
P3H2,1,NA,FALSE,FALSE
P3H3,1,NA,FALSE,FALSE
PAX5A,1,NA,FALSE,FALSE
PCSK,1,NA,FALSE,FALSE
PMSA,1,NA,FALSE,FALSE
PPOX1,1,NA,FALSE,FALSE
PSDD2,1,NA,FALSE,FALSE
PTHRP,1,NA,FALSE,FALSE
RASFF2,1,NA,FALSE,FALSE
RASSF5A,1,NA,FALSE,FALSE
REB25,1,NA,FALSE,FALSE
RFC,1,NA,FALSE,FALSE
RGC32,1,NA,FALSE,FALSE
RKIP,1,NA,FALSE,FALSE
RPR,1,NA,FALSE,FALSE
RSK4,1,NA,FALSE,FALSE
RSSF1A,1,NA,FALSE,FALSE
SDT-1,1,NA,FALSE,FALSE
SDT-2,1,NA,FALSE,FALSE
SEPTIN5,1,NA,FALSE,FALSE
SFRP3,1,NA,FALSE,FALSE
SLC12AB,1,NA,FALSE,FALSE
SLC32A,1,NA,FALSE,FALSE
SMAD,1,NA,FALSE,FALSE
SPDY1,1,NA,FALSE,FALSE
TCF2,1,NA,FALSE,FALSE
THP2,1,NA,FALSE,FALSE
THSR,1,NA,FALSE,FALSE
TIP30,1,NA,FALSE,FALSE
TITF1,1,NA,FALSE,FALSE
TM,1,NA,FALSE,FALSE
TNFRSF10A(DR4),1,NA,FALSE,FALSE
TRG,1,NA,FALSE,FALSE
TRβ2,1,NA,FALSE,FALSE
TSPY,1,NA,FALSE,FALSE
TTF-1,1,NA,FALSE,FALSE
TU3A,1,NA,FALSE,FALSE
TUNX3,1,NA,FALSE,FALSE
UBXD3,1,NA,FALSE,FALSE
UPL1A,1,NA,FALSE,FALSE
VMD2,1,NA,FALSE,FALSE
VOL4A2,1,NA,FALSE,FALSE
WT1_1,1,NA,FALSE,FALSE
XT3,1,NA,FALSE,FALSE
ZAC,1,NA,FALSE,FALSE
ZNF11,1,NA,FALSE,FALSE
ZNF1A1,1,NA,FALSE,FALSE
ZNF218,1,NA,FALSE,FALSE
ZNF545,1,NA,FALSE,FALSE
